{
    "41A_16-41B_13.pdf": {
        "index_override": [ [ 68.75, 23.25 ], [ 68.75, 22.95 ], [ 69.0, 22.95 ], [ 69.0, 23.25 ], [ 68.75, 23.25 ] ]
    },
    "41B_16-41F_4.pdf": {
        "index_override": [ [ 68.95, 22.25 ], [ 68.95, 22.0 ], [ 69.25, 22.0 ], [ 69.25, 22.25 ], [ 68.95, 22.25 ] ]
    },
    "41F_6-41F_7.pdf": {
        "index_override": [ [ 69.25, 22.5333333 ], [ 69.25, 22.25 ], [ 69.5, 22.25 ], [ 69.5, 22.5333333 ], [ 69.25, 22.5333333 ] ]
    },
    "41F_9-41F_10.pdf": {
        "index_override": [ [ 69.5, 23.0 ], [ 69.5, 22.7333333 ], [ 69.75, 22.7333333 ], [ 69.75, 23.0 ], [ 69.5, 23.0 ] ]
    },
    "41G_11-41G_15.pdf": {
        "index_override": [ [ 69.7330854, 21.5 ], [ 69.7330854, 21.25 ], [ 70.0, 21.25 ], [ 70.0, 21.5 ], [ 69.7330854, 21.5 ] ]
    },
    "41G_16-41K_4.pdf": {
        "index_override": [ [ 69.9583333, 21.25 ], [ 69.9583333, 21.0 ], [ 70.25, 21.0 ], [ 70.25, 21.25 ], [ 69.9583333, 21.25 ] ]
    },
    "41G_6-41G_10.pdf": {
        "index_override": [ [ 69.45, 21.75 ], [ 69.45, 21.5 ], [ 69.75, 21.5 ], [ 69.75, 21.75 ], [ 69.45, 21.75 ] ]
    },
    "41L_1-41L_5.pdf": {
        "index_override": [ [ 70.2083333, 21.0 ], [ 70.2083333, 20.75 ], [ 70.5, 20.75 ], [ 70.5, 21.0 ], [ 70.2083333, 21.0 ] ]
    },
    "41L_9-41L_10.pdf": {
        "index_override": [ [ 70.5, 21.0 ], [ 70.5, 20.7083333 ], [ 70.75, 20.7083333 ], [ 70.75, 21.0 ], [ 70.5, 21.0 ] ]
    },
    "41P_1-41P_2.pdf": {
        "index_override": [ [ 71.0, 21.0 ], [ 71.0, 20.72916666 ], [ 71.25, 20.72916666 ], [ 71.25, 21.0 ], [ 71.0, 21.0 ] ]
    },
    "45H_10.pdf": {
        "grid_lines": [
            [
                [ [ 15, 0 ], [ 0, 14727 ] ],
                [ [ 2235, 0 ], [ 2226, 14727 ] ],
                [ [ 4456, 0 ], [ 4450, 14727 ] ],
                [ [ 6677, 0 ], [ 6676, 14727 ] ],
                [ [ 8900, 0 ], [ 8902, 14727 ] ],
                [ [ 11119, 0 ], [ 11127, 14727 ] ],
                [ [ 13339, 0 ], [ 13353, 14727 ] ]
            ],
            [
                [ [ 0, 2431 ], [ 13485, 2433 ] ],
                [ [ 0, 4864 ], [ 13485, 4864 ] ],
                [ [ 0, 7295 ], [ 13485, 7296 ] ],
                [ [ 0, 9729 ], [ 13485, 9728 ] ],
                [ [ 0, 12160 ], [ 13485, 12160 ] ],
                [ [ 0, 14592 ], [ 13485, 14593 ] ]
            ]
        ]
    },
    "46C_3-46C_7.pdf": {
        "index_override": [ [ 72.0, 21.5 ], [ 72.0, 21.25 ], [ 72.2666247, 21.25 ], [ 72.2666247, 21.5 ], [ 72.0, 21.5 ] ]
    },
    "46D_11-46D_15.pdf": {
        "index_override": [ [ 72.7333333, 20.5 ], [ 72.7333333, 20.25 ], [ 73.0, 20.25 ], [ 73.0, 20.5 ], [ 72.7333333, 20.5 ] ]
    },
    "46D_9-46D_13.pdf": {
        "index_override": [ [ 72.7291666, 21.0 ], [ 72.7291666, 20.75 ], [ 73.0, 20.75 ], [ 73.0, 21.0 ], [ 72.7291666, 21.0 ] ]
    },
    "47A_11-47A_15.pdf": {
        "index_override": [[72.7165215, 19.5], [72.7165215, 19.4166666], [72.75, 19.4166666], [72.75, 19.25], [73.0, 19.25], [73.0, 19.5], [72.7165215, 19.5]],
        "corner_overrides": [[1653,460],[1651,2640],[2480,2641],[2477,7000],[8687,7000],[8683,462]],
        "pixel_cutlines": [
            [[2494,3604],[2337,3605],[2339,3867],[2489,3868],[2494,3604]]
        ]
    },
    "47G_4-47G_8.pdf": {
        "index_override": [[73.2244752, 17.25], [73.2244752, 17.1666667], [ 73.25, 17.1666667], [73.25, 17.0], [73.5, 17.0], [73.5, 17.25], [73.225, 17.25]],
        "corner_overrides": [[1498,238],[1500,2416],[2140,2417],[2137,6773],[8425,6772],[8421,240]],
        "pixel_cutlines": [
            [[1507,260],[1475,261],[1475,322],[1506,322],[1507,260]]
        ]
    },
    "48E_5-48E_9.pdf": {
        "index_override": [ [ 73.4488095, 16.0 ], [ 73.4488095, 15.75 ], [ 73.75, 15.75 ], [ 73.75, 16.0 ], [ 73.4488095, 16.0 ] ]
    },
    "48L_15-48P_3.pdf": {
        "index_override": [ [ 74.9666666, 12.5 ], [ 74.9666666, 12.4166666 ], [ 75.0, 12.4166666 ], [ 75.0, 12.25 ], [ 75.25, 12.25 ], [ 75.25, 12.5 ], [ 74.9666666, 12.5 ] ],
        "corner_overrides": [[1492,218],[1492,2395],[2348,2395],[2348,6748],[8771,6745],[8765,214]]
    },
    "49A_15-49A_16.pdf": {
        "index_override": [ [ 72.75, 11.2666667 ], [ 72.75, 11.0 ], [ 73.0, 11.0 ], [ 73.0, 11.25 ], [ 72.7916667, 11.25 ], [ 72.7916667, 11.2666667 ], [ 72.75, 11.2666667 ] ],
        "corner_overrides": [[1842,677],[1838,7648],[8293,7648],[8291,1115],[2916,1115],[2917,679]]
    },
    "49M_6-49M_10.pdf": {
        "index_override": [ [ 75.475, 11.75 ], [ 75.475, 11.725 ], [ 75.5, 11.725 ], [ 75.5, 11.5 ], [ 75.75, 11.5 ], [ 75.75, 11.75 ], [ 75.475, 11.75 ] ],
        "corner_overrides": [[1822,586],[1822,1240],[2464,1240],[2462,7117],[8903,7118],[8900,586]]
    },
    "52B_5-52B_6.pdf": {
        "index_override": [ [ 76.25, 34.8077144 ], [ 76.25, 34.5 ], [ 76.5, 34.5 ], [ 76.5, 34.8077144 ], [ 76.25, 34.8077144 ] ]
    },
    "54J_10.pdf": {
        "pdf_rotate": 90
    },
    "54J_14.pdf": {
        "pdf_rotate": 90
    },
    "54K_6.pdf": {
        "pdf_rotate": 90
    },
    "54O_5.pdf": {
        "pdf_rotate": 90
    },
    "57I_2.pdf": {
        "pdf_rotate": 90
    },
    "58C_1-58C_5.pdf": {
        "index_override": [ [ 76.2166666, 10.0 ], [ 76.2166666, 9.9166666 ], [ 76.25, 9.9166666 ], [ 76.25, 9.75 ], [ 76.5, 9.75 ], [ 76.5, 10.0 ], [ 76.2166666, 10.0 ] ],
        "corner_overrides": [[1492,215],[1491,2391],[2354,2391],[2353,6744],[8832,6744],[8829,214]]
    },
    "58L_1-58L_5.pdf": {
        "index_override": [ [ 78.0, 9.0 ], [ 78.0, 8.75 ], [ 78.25, 8.75 ], [ 78.25, 8.9166666 ], [ 78.2833333, 8.9166666 ], [ 78.2833333, 9.0 ], [ 78.0, 9.0 ] ],
        "corner_overrides": [[2643,609],[2641,11532],[13481,11528],[13477,4250],[14920,4250],[14920,609]]
    },
    "58M_10-58M_14.pdf": {
        "index_override": [ [ 79.5, 11.75 ], [ 79.5, 11.5 ], [ 79.7916667, 11.5 ], [ 79.7916667, 11.75 ], [ 79.5, 11.75 ] ]
    },
    "58N_4-58N_8.pdf": {
        "index_override": [ [ 79.0, 10.25 ], [ 79.0, 10.0 ], [ 79.2916666, 10.0 ], [ 79.2916666, 10.25 ], [ 79.0, 10.25 ] ]
    },
    "58O_1-58O_2.pdf": {
        "index_override": [ [ 79.0, 10.0 ], [ 79.0, 9.7083333 ], [ 79.0416666, 9.7083333 ], [ 79.0416666, 9.75 ], [ 79.25, 9.75 ], [ 79.25, 10.0 ], [ 79.0, 10.0 ] ],
        "corner_overrides": [[1645,452],[1644,8073],[2724,8073],[2724,6984],[8124,6983],[8121,451]]
    },
    "58O_3-58O_4.pdf": {
        "index_override": [ [ 79.0, 9.4166666 ], [ 79.0, 9.1666666 ], [ 79.25, 9.1666666 ], [ 79.25, 9.4166666 ], [ 79.0, 9.4166666 ] ]
    },
    "58O_7-58O_8.pdf": {
        "index_override": [ [ 79.25, 9.4166666 ], [ 79.25, 9.1666666 ], [ 79.4166666, 9.1666666 ], [ 79.4166666, 9.1166666 ], [ 79.5, 9.1166666 ], [ 79.5, 9.4166666 ], [ 79.25, 9.4166666 ] ],
        "corner_overrides": [[1479,224],[1477,6756],[5804,6756],[5804,8062],[7968,8062],[7966,225]]
    },
    "63B_15.pdf": {
        "pdf_rotate": 90
    },
    "63B_7.pdf": {
        "pdf_rotate": 90
    },
    "63G_13.pdf": {
        "pdf_rotate": 90
    },
    "63K_1.pdf": {
        "pdf_rotate": 90
    },
    "63K_5.pdf": {
        "pdf_rotate": 90
    },
    "63M_16.pdf": {
        "pdf_rotate": 90
    },
    "63N_6.pdf": {
        "pdf_rotate": 90
    },
    "65K_8-65K_12.pdf": {
        "index_override": [ [ 82.25, 17.25 ], [ 82.25, 17.0 ], [ 82.5, 17.0 ], [ 82.5, 17.1666666 ], [ 82.5833333, 17.1666666 ], [ 82.5833333, 17.25 ], [ 82.25, 17.25 ] ],
        "corner_overrides": [[1739,1399],[1740,7933],[8028,7928],[8022,3572],[10115,3568],[10111,1390]]
    },
    "65O_2-65O_3.pdf": {
        "index_override": [ [ 83.0, 17.75 ], [ 83.0, 17.4791666 ], [ 83.0208333, 17.4791666 ], [ 83.0208333, 17.5 ], [ 83.25, 17.5 ], [ 83.25, 17.75 ], [ 83.0, 17.75 ] ],
        "corner_overrides": [[1690,599],[1686,7680],[2209,7681],[2209,7136],[7959,7136],[7954,598]]
    },
    "66A_13-66A_14.pdf": {
        "index_override": [ [ 80.75, 16.0 ], [ 80.75, 15.7 ], [ 81.0, 15.7 ], [ 81.0, 16.0 ], [ 80.75, 16.0 ] ]
    },